timestep,label,group,name,weight,mean,cost,standard_error
0,1_30_tpch_22q_split_even_odd_100_8898140000_last,Even,"SELECT ps_suppkey.s_acctbal, ps_suppkey.s_name, s_nationkey.n_name, part.p_partkey, part.p_mfgr, ps_suppkey.s_address, ps_suppkey.s_phone, ps_suppkey.s_comment FROM part.from_partsupp.ps_suppkey.s_nationkey.n_regionkey WHERE part.p_size = ? AND part.p_type = ? AND n_regionkey.r_name = ? AND from_partsupp.ps_supplycost = ? ORDER BY ps_suppkey.s_acctbal, s_nationkey.n_name, ps_suppkey.s_name -- Q2_outer","[0.9990000000000001, 0.9990000000000001, 0.9990000000000001, 0.001, 0.001, 0.001]",0.0021584595,0.00920887436718093,0.0008352285102068142
0,1_30_tpch_22q_split_even_odd_100_8898140000_last,Even,SELECT max(partsupp.ps_supplycost) FROM partsupp.ps_suppkey.s_nationkey.n_regionkey WHERE n_regionkey.r_name = ? -- Q2_inner,"[0.9990000000000001, 0.9990000000000001, 0.9990000000000001, 0.001, 0.001, 0.001]",2.8413731057,1.882840348363936,0.05171051975987839
0,1_30_tpch_22q_split_even_odd_100_8898140000_last,Even,"SELECT l_orderkey.o_orderdate, sum(from_lineitem.l_extendedprice), sum(from_lineitem.l_discount) FROM part.from_partsupp.from_lineitem.l_orderkey.o_custkey.c_nationkey.n_regionkey WHERE c_nationkey.n_name = ? AND n_regionkey.r_name = ? AND part.p_type = ? AND l_orderkey.o_orderdate < ? ORDER BY l_orderkey.o_orderdate GROUP BY l_orderkey.o_orderdate -- Q8","[0.9990000000000001, 0.9990000000000001, 0.9990000000000001, 0.001, 0.001, 0.001]",0.053020535,0.009983415982836785,0.007883599023771266
0,1_30_tpch_22q_split_even_odd_100_8898140000_last,Even,"SELECT o_custkey.c_custkey, o_custkey.c_name, sum(lineitem.l_extendedprice), sum(lineitem.l_discount), o_custkey.c_acctbal, c_nationkey.n_name, o_custkey.c_address, o_custkey.c_phone, o_custkey.c_comment FROM lineitem.l_orderkey.o_custkey.c_nationkey WHERE lineitem.l_returnflag = ? AND l_orderkey.o_orderdate < ?  ORDER BY lineitem.l_extendedprice, lineitem.l_discount GROUP BY o_custkey.c_custkey, o_custkey.c_name, o_custkey.c_acctbal, o_custkey.c_phone, c_nationkey.n_name, o_custkey.c_address, o_custkey.c_comment -- Q10","[0.9990000000000001, 0.9990000000000001, 0.9990000000000001, 0.001, 0.001, 0.001]",0.09432223780000001,3.35228123054992,0.02170587242927278
0,1_30_tpch_22q_split_even_odd_100_8898140000_last,Even,"SELECT lineitem.l_shipmode, sum(l_orderkey.o_orderpriority) FROM lineitem.l_orderkey WHERE lineitem.l_shipmode = ? AND lineitem.l_receiptdate < ? ORDER BY lineitem.l_shipmode GROUP BY lineitem.l_shipmode -- Q12","[0.9990000000000001, 0.9990000000000001, 0.9990000000000001, 0.001, 0.001, 0.001]",0.06551515370000001,1.0131351828585373,0.007290696501783544
0,1_30_tpch_22q_split_even_odd_100_8898140000_last,Even,"SELECT sum(ps_partkey.p_type), sum(from_lineitem.l_extendedprice), sum(from_lineitem.l_discount) FROM orders.from_lineitem.l_partkey.ps_partkey WHERE orders.o_orderkey = ? AND from_lineitem.l_shipdate < ? -- Q14","[0.9990000000000001, 0.9990000000000001, 0.9990000000000001, 0.001, 0.001, 0.001]",0.0019035543999999997,0.009613400085535458,0.0006084870624129835
0,1_30_tpch_22q_split_even_odd_100_8898140000_last,Even,SELECT supplier.s_suppkey FROM supplier WHERE supplier.s_comment = ? -- Q16_inner,"[0.9990000000000001, 0.9990000000000001, 0.9990000000000001, 0.001, 0.001, 0.001]",0.0029788797999999997,0.009220552463838648,0.0007176054003915583
0,1_30_tpch_22q_split_even_odd_100_8898140000_last,Even,"SELECT ps_partkey.p_brand, ps_partkey.p_type, ps_partkey.p_size, count(supplier.s_suppkey) FROM supplier.from_partsupp.ps_partkey WHERE ps_partkey.p_brand = ? AND ps_partkey.p_type = ? AND ps_partkey.p_size = ? AND supplier.s_suppkey = ? ORDER BY ps_partkey.p_brand, ps_partkey.p_type, ps_partkey.p_size GROUP BY ps_partkey.p_brand, ps_partkey.p_type, ps_partkey.p_size -- Q16_outer","[0.9990000000000001, 0.9990000000000001, 0.9990000000000001, 0.001, 0.001, 0.001]",0.0018157466,0.009742069869940471,0.0004962591998912172
0,1_30_tpch_22q_split_even_odd_100_8898140000_last,Even,"SELECT o_custkey.c_name, o_custkey.c_custkey, l_orderkey.o_orderkey, l_orderkey.o_orderdate, l_orderkey.o_totalprice, sum(lineitem.l_quantity) FROM lineitem.l_orderkey.o_custkey WHERE l_orderkey.o_orderkey = ? ORDER BY l_orderkey.o_totalprice, l_orderkey.o_orderdate GROUP BY o_custkey.c_name, o_custkey.c_custkey, l_orderkey.o_orderkey, l_orderkey.o_orderdate, l_orderkey.o_totalprice -- Q18_outer","[0.9990000000000001, 0.9990000000000001, 0.9990000000000001, 0.001, 0.001, 0.001]",0.0021142709,0.010055427035354598,0.0004876316602687011
0,1_30_tpch_22q_split_even_odd_100_8898140000_last,Even,SELECT part.p_partkey FROM part WHERE part.p_name = ? -- Q20_inner_inner_1,"[0.9990000000000001, 0.9990000000000001, 0.9990000000000001, 0.001, 0.001, 0.001]",0.0024783027999999998,0.009325938494817417,0.0006176035601136919
0,1_30_tpch_22q_split_even_odd_100_8898140000_last,Even,SELECT partsupp.ps_suppkey FROM partsupp WHERE partsupp.ps_partkey = ? AND partsupp.ps_availqty > ? -- Q20_inner,"[0.9990000000000001, 0.9990000000000001, 0.9990000000000001, 0.001, 0.001, 0.001]",0.0017733225,0.009213526845535459,0.000531142939188632
0,1_30_tpch_22q_split_even_odd_100_8898140000_last,Even,"SELECT supplier.s_name, supplier.s_address FROM supplier.s_nationkey WHERE supplier.s_suppkey = ? AND s_nationkey.n_name = ? ORDER BY supplier.s_name -- Q20","[0.9990000000000001, 0.9990000000000001, 0.9990000000000001, 0.001, 0.001, 0.001]",0.0028929458,0.009209311474553545,0.0007223832129033083
0,1_30_tpch_22q_split_even_odd_100_8898140000_last,Even,SELECT avg(customer.c_acctbal) FROM customer WHERE customer.c_phone = ? AND customer.c_acctbal > ? -- Q22_inner_inner,"[0.9990000000000001, 0.9990000000000001, 0.9990000000000001, 0.001, 0.001, 0.001]",0.002904808,0.009353843543838648,0.0006415685180034943
0,1_30_tpch_22q_split_even_odd_100_8898140000_last,Even,"SELECT customer.c_phone, sum(customer.c_acctbal), count(customer.c_custkey) FROM customer WHERE customer.c_phone = ? AND customer.c_custkey = ? AND customer.c_acctbal > ? ORDER BY customer.c_phone GROUP BY customer.c_phone -- Q22","[0.9990000000000001, 0.9990000000000001, 0.9990000000000001, 0.001, 0.001, 0.001]",0.0028779731,0.00960871634780624,0.0007094901615030716
0,1_30_tpch_22q_split_even_odd_100_8898140000_last,Even,TOTAL,1.0,3.0750511663043993,,NaN
0,1_30_tpch_22q_split_even_odd_100_8898140000_last,Odd,"SELECT l_orderkey.o_orderkey, sum(lineitem.l_extendedprice), sum(lineitem.l_discount), l_orderkey.o_orderdate, l_orderkey.o_shippriority FROM lineitem.l_orderkey.o_custkey WHERE o_custkey.c_mktsegment = ? AND lineitem.l_shipdate > ? ORDER BY lineitem.l_extendedprice, lineitem.l_discount, l_orderkey.o_orderdate GROUP BY l_orderkey.o_orderkey, l_orderkey.o_orderdate, l_orderkey.o_shippriority -- Q3","[0.001, 0.001, 0.001, 0.9990000000000001, 0.9990000000000001, 0.9990000000000001]",77.1781372494,2.414998959137952,0.34389538354035804
0,1_30_tpch_22q_split_even_odd_100_8898140000_last,Odd,"SELECT c_nationkey.n_name, sum(lineitem.l_extendedprice), sum(lineitem.l_discount) FROM lineitem.l_orderkey.o_custkey.c_nationkey.n_regionkey WHERE n_regionkey.r_name = ? AND l_orderkey.o_orderdate < ? ORDER BY lineitem.l_extendedprice, lineitem.l_discount GROUP BY c_nationkey.n_name -- Q5","[0.001, 0.001, 0.001, 0.9990000000000001, 0.9990000000000001, 0.9990000000000001]",43.492843606899996,14.06084532271952,0.5055110177612562
0,1_30_tpch_22q_split_even_odd_100_8898140000_last,Odd,"SELECT c_nationkey.n_name, lineitem.l_shipdate, sum(lineitem.l_extendedprice), sum(lineitem.l_discount) FROM lineitem.l_orderkey.o_custkey.c_nationkey WHERE c_nationkey.n_name = ? AND lineitem.l_shipdate < ? ORDER BY c_nationkey.n_name, lineitem.l_shipdate GROUP BY c_nationkey.n_name, lineitem.l_shipdate -- Q7","[0.001, 0.001, 0.001, 0.9990000000000001, 0.9990000000000001, 0.9990000000000001]",0.07918889770000001,0.29076673954759036,0.01868274898494447
0,1_30_tpch_22q_split_even_odd_100_8898140000_last,Odd,"SELECT c_nationkey.n_name, l_orderkey.o_orderdate, sum(from_lineitem.l_extendedprice), sum(from_lineitem.l_discount), sum(from_partsupp.ps_supplycost), sum(from_lineitem.l_quantity) FROM part.from_partsupp.from_lineitem.l_orderkey.o_custkey.c_nationkey WHERE part.p_name = ? AND l_orderkey.o_orderkey = ? ORDER BY c_nationkey.n_name, l_orderkey.o_orderdate GROUP BY c_nationkey.n_name, l_orderkey.o_orderdate -- Q9","[0.001, 0.001, 0.001, 0.9990000000000001, 0.9990000000000001, 0.9990000000000001]",0.0014935762,0.01000858981419079,0.0004960569756503738
0,1_30_tpch_22q_split_even_odd_100_8898140000_last,Odd,"SELECT sum(partsupp.ps_supplycost), sum(partsupp.ps_availqty) FROM partsupp.ps_suppkey.s_nationkey WHERE s_nationkey.n_name = ? AND partsupp.ps_supplycost = ? AND partsupp.ps_availqty = ? ORDER BY partsupp.ps_supplycost, partsupp.ps_availqty GROUP BY partsupp.ps_partkey -- Q11_outer","[0.001, 0.001, 0.001, 0.9990000000000001, 0.9990000000000001, 0.9990000000000001]",0.0017460024,0.009609091546171166,0.0004896460557428805
0,1_30_tpch_22q_split_even_odd_100_8898140000_last,Odd,"SELECT sum(partsupp.ps_supplycost), sum(partsupp.ps_availqty) FROM partsupp.ps_suppkey.s_nationkey WHERE s_nationkey.n_name = ? -- Q11_inner","[0.001, 0.001, 0.001, 0.9990000000000001, 0.9990000000000001, 0.9990000000000001]",0.6020120362,0.38417506809678714,0.016267452367252692
0,1_30_tpch_22q_split_even_odd_100_8898140000_last,Odd,"SELECT o_custkey.c_custkey, count(orders.o_orderkey) FROM orders.o_custkey WHERE orders.o_comment = ? GROUP BY o_custkey.c_custkey, orders.o_orderkey -- Q13","[0.001, 0.001, 0.001, 0.9990000000000001, 0.9990000000000001, 0.9990000000000001]",0.0016129056,0.00948727627507146,0.0005347417847294399
0,1_30_tpch_22q_split_even_odd_100_8898140000_last,Odd,SELECT sum(lineitem.l_extendedprice) FROM lineitem.l_partkey.ps_partkey WHERE ps_partkey.p_brand = ? AND ps_partkey.p_container = ? AND lineitem.l_quantity < ? -- Q17,"[0.001, 0.001, 0.001, 0.9990000000000001, 0.9990000000000001, 0.9990000000000001]",0.0562902633,0.01636775248318976,0.006022064373171264
0,1_30_tpch_22q_split_even_odd_100_8898140000_last,Odd,"SELECT sum(lineitem.l_extendedprice), sum(lineitem.l_discount) FROM lineitem.l_partkey.ps_partkey WHERE ps_partkey.p_brand = ? AND ps_partkey.p_container = ? AND lineitem.l_shipdate = ? AND lineitem.l_shipinstruct = ? AND ps_partkey.p_size > ? -- Q19","[0.001, 0.001, 0.001, 0.9990000000000001, 0.9990000000000001, 0.9990000000000001]",0.0016114131,0.009476120590394219,0.0005548837242160527
0,1_30_tpch_22q_split_even_odd_100_8898140000_last,Odd,"SELECT ps_suppkey.s_name, count(orders.o_orderkey) FROM orders.from_lineitem.l_partkey.ps_suppkey.s_nationkey WHERE orders.o_orderstatus = ? AND orders.o_orderkey = ? AND s_nationkey.n_name = ? AND from_lineitem.l_receiptdate > ? ORDER BY ps_suppkey.s_name GROUP BY ps_suppkey.s_name -- Q21","[0.001, 0.001, 0.001, 0.9990000000000001, 0.9990000000000001, 0.9990000000000001]",0.0018824140000000002,0.009476049759404729,0.0005592276309280308
0,1_30_tpch_22q_split_even_odd_100_8898140000_last,Odd,TOTAL,1.0,0.12141681836479996,,NaN
0,1_30_tpch_22q_split_even_odd_100_8898140000_last,TOTAL,TOTAL,1.0,3.1964679846691992,,NaN
timestep,label,group,name,weight,mean,cost,standard_error
1,1_30_tpch_22q_split_even_odd_100_8898140000_last,Even,"SELECT ps_suppkey.s_acctbal, ps_suppkey.s_name, s_nationkey.n_name, part.p_partkey, part.p_mfgr, ps_suppkey.s_address, ps_suppkey.s_phone, ps_suppkey.s_comment FROM part.from_partsupp.ps_suppkey.s_nationkey.n_regionkey WHERE part.p_size = ? AND part.p_type = ? AND n_regionkey.r_name = ? AND from_partsupp.ps_supplycost = ? ORDER BY ps_suppkey.s_acctbal, s_nationkey.n_name, ps_suppkey.s_name -- Q2_outer","[0.9990000000000001, 0.9990000000000001, 0.9990000000000001, 0.001, 0.001, 0.001]",0.0010680241,0.00920887436718093,7.050941218359905e-05
1,1_30_tpch_22q_split_even_odd_100_8898140000_last,Even,SELECT max(partsupp.ps_supplycost) FROM partsupp.ps_suppkey.s_nationkey.n_regionkey WHERE n_regionkey.r_name = ? -- Q2_inner,"[0.9990000000000001, 0.9990000000000001, 0.9990000000000001, 0.001, 0.001, 0.001]",2.7868999625999997,1.882840348363936,0.02517669726920223
1,1_30_tpch_22q_split_even_odd_100_8898140000_last,Even,"SELECT l_orderkey.o_orderdate, sum(from_lineitem.l_extendedprice), sum(from_lineitem.l_discount) FROM part.from_partsupp.from_lineitem.l_orderkey.o_custkey.c_nationkey.n_regionkey WHERE c_nationkey.n_name = ? AND n_regionkey.r_name = ? AND part.p_type = ? AND l_orderkey.o_orderdate < ? ORDER BY l_orderkey.o_orderdate GROUP BY l_orderkey.o_orderdate -- Q8","[0.9990000000000001, 0.9990000000000001, 0.9990000000000001, 0.001, 0.001, 0.001]",0.0386073661,0.009983415982836785,0.009476797000176453
1,1_30_tpch_22q_split_even_odd_100_8898140000_last,Even,"SELECT o_custkey.c_custkey, o_custkey.c_name, sum(lineitem.l_extendedprice), sum(lineitem.l_discount), o_custkey.c_acctbal, c_nationkey.n_name, o_custkey.c_address, o_custkey.c_phone, o_custkey.c_comment FROM lineitem.l_orderkey.o_custkey.c_nationkey WHERE lineitem.l_returnflag = ? AND l_orderkey.o_orderdate < ?  ORDER BY lineitem.l_extendedprice, lineitem.l_discount GROUP BY o_custkey.c_custkey, o_custkey.c_name, o_custkey.c_acctbal, o_custkey.c_phone, c_nationkey.n_name, o_custkey.c_address, o_custkey.c_comment -- Q10","[0.9990000000000001, 0.9990000000000001, 0.9990000000000001, 0.001, 0.001, 0.001]",0.11420099600000003,3.35228123054992,0.026863687311472557
1,1_30_tpch_22q_split_even_odd_100_8898140000_last,Even,"SELECT lineitem.l_shipmode, sum(l_orderkey.o_orderpriority) FROM lineitem.l_orderkey WHERE lineitem.l_shipmode = ? AND lineitem.l_receiptdate < ? ORDER BY lineitem.l_shipmode GROUP BY lineitem.l_shipmode -- Q12","[0.9990000000000001, 0.9990000000000001, 0.9990000000000001, 0.001, 0.001, 0.001]",0.0549650836,1.0131351828585373,0.007336114096797483
1,1_30_tpch_22q_split_even_odd_100_8898140000_last,Even,"SELECT sum(ps_partkey.p_type), sum(from_lineitem.l_extendedprice), sum(from_lineitem.l_discount) FROM orders.from_lineitem.l_partkey.ps_partkey WHERE orders.o_orderkey = ? AND from_lineitem.l_shipdate < ? -- Q14","[0.9990000000000001, 0.9990000000000001, 0.9990000000000001, 0.001, 0.001, 0.001]",0.0014442661999999999,0.009613400085535458,0.0001636584815611665
1,1_30_tpch_22q_split_even_odd_100_8898140000_last,Even,SELECT supplier.s_suppkey FROM supplier WHERE supplier.s_comment = ? -- Q16_inner,"[0.9990000000000001, 0.9990000000000001, 0.9990000000000001, 0.001, 0.001, 0.001]",0.0014114485000000002,0.009220552463838648,0.00015489296568083896
1,1_30_tpch_22q_split_even_odd_100_8898140000_last,Even,"SELECT ps_partkey.p_brand, ps_partkey.p_type, ps_partkey.p_size, count(supplier.s_suppkey) FROM supplier.from_partsupp.ps_partkey WHERE ps_partkey.p_brand = ? AND ps_partkey.p_type = ? AND ps_partkey.p_size = ? AND supplier.s_suppkey = ? ORDER BY ps_partkey.p_brand, ps_partkey.p_type, ps_partkey.p_size GROUP BY ps_partkey.p_brand, ps_partkey.p_type, ps_partkey.p_size -- Q16_outer","[0.9990000000000001, 0.9990000000000001, 0.9990000000000001, 0.001, 0.001, 0.001]",0.0016290629,0.009742069869940471,0.0001788451427315728
1,1_30_tpch_22q_split_even_odd_100_8898140000_last,Even,"SELECT o_custkey.c_name, o_custkey.c_custkey, l_orderkey.o_orderkey, l_orderkey.o_orderdate, l_orderkey.o_totalprice, sum(lineitem.l_quantity) FROM lineitem.l_orderkey.o_custkey WHERE l_orderkey.o_orderkey = ? ORDER BY l_orderkey.o_totalprice, l_orderkey.o_orderdate GROUP BY o_custkey.c_name, o_custkey.c_custkey, l_orderkey.o_orderkey, l_orderkey.o_orderdate, l_orderkey.o_totalprice -- Q18_outer","[0.9990000000000001, 0.9990000000000001, 0.9990000000000001, 0.001, 0.001, 0.001]",0.0013101519999999998,0.010055427035354598,0.00010220704423494716
1,1_30_tpch_22q_split_even_odd_100_8898140000_last,Even,SELECT part.p_partkey FROM part WHERE part.p_name = ? -- Q20_inner_inner_1,"[0.9990000000000001, 0.9990000000000001, 0.9990000000000001, 0.001, 0.001, 0.001]",0.0017271656,0.009325938494817417,0.0003842112912011132
1,1_30_tpch_22q_split_even_odd_100_8898140000_last,Even,SELECT partsupp.ps_suppkey FROM partsupp WHERE partsupp.ps_partkey = ? AND partsupp.ps_availqty > ? -- Q20_inner,"[0.9990000000000001, 0.9990000000000001, 0.9990000000000001, 0.001, 0.001, 0.001]",0.0012476064000000002,0.009213526845535459,0.00015276396858525097
1,1_30_tpch_22q_split_even_odd_100_8898140000_last,Even,"SELECT supplier.s_name, supplier.s_address FROM supplier.s_nationkey WHERE supplier.s_suppkey = ? AND s_nationkey.n_name = ? ORDER BY supplier.s_name -- Q20","[0.9990000000000001, 0.9990000000000001, 0.9990000000000001, 0.001, 0.001, 0.001]",0.0015461158,0.009209311474553545,0.00017278486374993742
1,1_30_tpch_22q_split_even_odd_100_8898140000_last,Even,SELECT avg(customer.c_acctbal) FROM customer WHERE customer.c_phone = ? AND customer.c_acctbal > ? -- Q22_inner_inner,"[0.9990000000000001, 0.9990000000000001, 0.9990000000000001, 0.001, 0.001, 0.001]",0.0016179990000000002,0.009353843543838648,0.00014596625093896801
1,1_30_tpch_22q_split_even_odd_100_8898140000_last,Even,"SELECT customer.c_phone, sum(customer.c_acctbal), count(customer.c_custkey) FROM customer WHERE customer.c_phone = ? AND customer.c_custkey = ? AND customer.c_acctbal > ? ORDER BY customer.c_phone GROUP BY customer.c_phone -- Q22","[0.9990000000000001, 0.9990000000000001, 0.9990000000000001, 0.001, 0.001, 0.001]",0.0015060008,0.00960871634780624,0.00012334269829911563
1,1_30_tpch_22q_split_even_odd_100_8898140000_last,Even,TOTAL,1.0,3.0061720683503994,,NaN
1,1_30_tpch_22q_split_even_odd_100_8898140000_last,Odd,"SELECT l_orderkey.o_orderkey, sum(lineitem.l_extendedprice), sum(lineitem.l_discount), l_orderkey.o_orderdate, l_orderkey.o_shippriority FROM lineitem.l_orderkey.o_custkey WHERE o_custkey.c_mktsegment = ? AND lineitem.l_shipdate > ? ORDER BY lineitem.l_extendedprice, lineitem.l_discount, l_orderkey.o_orderdate GROUP BY l_orderkey.o_orderkey, l_orderkey.o_orderdate, l_orderkey.o_shippriority -- Q3","[0.001, 0.001, 0.001, 0.9990000000000001, 0.9990000000000001, 0.9990000000000001]",79.6789702557,2.414998959137952,0.48885653993053546
1,1_30_tpch_22q_split_even_odd_100_8898140000_last,Odd,"SELECT c_nationkey.n_name, sum(lineitem.l_extendedprice), sum(lineitem.l_discount) FROM lineitem.l_orderkey.o_custkey.c_nationkey.n_regionkey WHERE n_regionkey.r_name = ? AND l_orderkey.o_orderdate < ? ORDER BY lineitem.l_extendedprice, lineitem.l_discount GROUP BY c_nationkey.n_name -- Q5","[0.001, 0.001, 0.001, 0.9990000000000001, 0.9990000000000001, 0.9990000000000001]",44.985908046999995,14.06084532271952,0.3604113649771277
1,1_30_tpch_22q_split_even_odd_100_8898140000_last,Odd,"SELECT c_nationkey.n_name, lineitem.l_shipdate, sum(lineitem.l_extendedprice), sum(lineitem.l_discount) FROM lineitem.l_orderkey.o_custkey.c_nationkey WHERE c_nationkey.n_name = ? AND lineitem.l_shipdate < ? ORDER BY c_nationkey.n_name, lineitem.l_shipdate GROUP BY c_nationkey.n_name, lineitem.l_shipdate -- Q7","[0.001, 0.001, 0.001, 0.9990000000000001, 0.9990000000000001, 0.9990000000000001]",0.0592660286,0.29076673954759036,0.010940569709588928
1,1_30_tpch_22q_split_even_odd_100_8898140000_last,Odd,"SELECT c_nationkey.n_name, l_orderkey.o_orderdate, sum(from_lineitem.l_extendedprice), sum(from_lineitem.l_discount), sum(from_partsupp.ps_supplycost), sum(from_lineitem.l_quantity) FROM part.from_partsupp.from_lineitem.l_orderkey.o_custkey.c_nationkey WHERE part.p_name = ? AND l_orderkey.o_orderkey = ? ORDER BY c_nationkey.n_name, l_orderkey.o_orderdate GROUP BY c_nationkey.n_name, l_orderkey.o_orderdate -- Q9","[0.001, 0.001, 0.001, 0.9990000000000001, 0.9990000000000001, 0.9990000000000001]",0.0016714213000000003,0.01000858981419079,0.00016550463297020147
1,1_30_tpch_22q_split_even_odd_100_8898140000_last,Odd,"SELECT sum(partsupp.ps_supplycost), sum(partsupp.ps_availqty) FROM partsupp.ps_suppkey.s_nationkey WHERE s_nationkey.n_name = ? AND partsupp.ps_supplycost = ? AND partsupp.ps_availqty = ? ORDER BY partsupp.ps_supplycost, partsupp.ps_availqty GROUP BY partsupp.ps_partkey -- Q11_outer","[0.001, 0.001, 0.001, 0.9990000000000001, 0.9990000000000001, 0.9990000000000001]",0.0013050995000000003,0.009609091546171166,0.00011751085866697597
1,1_30_tpch_22q_split_even_odd_100_8898140000_last,Odd,"SELECT sum(partsupp.ps_supplycost), sum(partsupp.ps_availqty) FROM partsupp.ps_suppkey.s_nationkey WHERE s_nationkey.n_name = ? -- Q11_inner","[0.001, 0.001, 0.001, 0.9990000000000001, 0.9990000000000001, 0.9990000000000001]",0.6012410584000001,0.38417506809678714,0.015649843064380244
1,1_30_tpch_22q_split_even_odd_100_8898140000_last,Odd,"SELECT o_custkey.c_custkey, count(orders.o_orderkey) FROM orders.o_custkey WHERE orders.o_comment = ? GROUP BY o_custkey.c_custkey, orders.o_orderkey -- Q13","[0.001, 0.001, 0.001, 0.9990000000000001, 0.9990000000000001, 0.9990000000000001]",0.0013776283000000002,0.00948727627507146,0.0001675025576590167
1,1_30_tpch_22q_split_even_odd_100_8898140000_last,Odd,SELECT sum(lineitem.l_extendedprice) FROM lineitem.l_partkey.ps_partkey WHERE ps_partkey.p_brand = ? AND ps_partkey.p_container = ? AND lineitem.l_quantity < ? -- Q17,"[0.001, 0.001, 0.001, 0.9990000000000001, 0.9990000000000001, 0.9990000000000001]",0.04257441129999999,0.01636775248318976,0.008812183297590565
1,1_30_tpch_22q_split_even_odd_100_8898140000_last,Odd,"SELECT sum(lineitem.l_extendedprice), sum(lineitem.l_discount) FROM lineitem.l_partkey.ps_partkey WHERE ps_partkey.p_brand = ? AND ps_partkey.p_container = ? AND lineitem.l_shipdate = ? AND lineitem.l_shipinstruct = ? AND ps_partkey.p_size > ? -- Q19","[0.001, 0.001, 0.001, 0.9990000000000001, 0.9990000000000001, 0.9990000000000001]",0.0014097703000000002,0.009476120590394219,0.00019686079984705774
1,1_30_tpch_22q_split_even_odd_100_8898140000_last,Odd,"SELECT ps_suppkey.s_name, count(orders.o_orderkey) FROM orders.from_lineitem.l_partkey.ps_suppkey.s_nationkey WHERE orders.o_orderstatus = ? AND orders.o_orderkey = ? AND s_nationkey.n_name = ? AND from_lineitem.l_receiptdate > ? ORDER BY ps_suppkey.s_name GROUP BY ps_suppkey.s_name -- Q21","[0.001, 0.001, 0.001, 0.9990000000000001, 0.9990000000000001, 0.9990000000000001]",0.0015327369000000001,0.009476049759404729,0.00010515734106423047
1,1_30_tpch_22q_split_even_odd_100_8898140000_last,Odd,TOTAL,1.0,0.1253752564573,,NaN
1,1_30_tpch_22q_split_even_odd_100_8898140000_last,TOTAL,TOTAL,1.0,3.1315473248076993,,NaN
timestep,label,group,name,weight,mean,cost,standard_error
2,1_30_tpch_22q_split_even_odd_100_8898140000_last,Even,"SELECT ps_suppkey.s_acctbal, ps_suppkey.s_name, s_nationkey.n_name, part.p_partkey, part.p_mfgr, ps_suppkey.s_address, ps_suppkey.s_phone, ps_suppkey.s_comment FROM part.from_partsupp.ps_suppkey.s_nationkey.n_regionkey WHERE part.p_size = ? AND part.p_type = ? AND n_regionkey.r_name = ? AND from_partsupp.ps_supplycost = ? ORDER BY ps_suppkey.s_acctbal, s_nationkey.n_name, ps_suppkey.s_name -- Q2_outer","[0.9990000000000001, 0.9990000000000001, 0.9990000000000001, 0.001, 0.001, 0.001]",0.0015017439999999997,0.00920887436718093,0.0001731042182103666
2,1_30_tpch_22q_split_even_odd_100_8898140000_last,Even,SELECT max(partsupp.ps_supplycost) FROM partsupp.ps_suppkey.s_nationkey.n_regionkey WHERE n_regionkey.r_name = ? -- Q2_inner,"[0.9990000000000001, 0.9990000000000001, 0.9990000000000001, 0.001, 0.001, 0.001]",2.9472742241,1.882840348363936,0.04095158546491921
2,1_30_tpch_22q_split_even_odd_100_8898140000_last,Even,"SELECT l_orderkey.o_orderdate, sum(from_lineitem.l_extendedprice), sum(from_lineitem.l_discount) FROM part.from_partsupp.from_lineitem.l_orderkey.o_custkey.c_nationkey.n_regionkey WHERE c_nationkey.n_name = ? AND n_regionkey.r_name = ? AND part.p_type = ? AND l_orderkey.o_orderdate < ? ORDER BY l_orderkey.o_orderdate GROUP BY l_orderkey.o_orderdate -- Q8","[0.9990000000000001, 0.9990000000000001, 0.9990000000000001, 0.001, 0.001, 0.001]",0.0430410859,0.009983415982836785,0.008994098557938106
2,1_30_tpch_22q_split_even_odd_100_8898140000_last,Even,"SELECT o_custkey.c_custkey, o_custkey.c_name, sum(lineitem.l_extendedprice), sum(lineitem.l_discount), o_custkey.c_acctbal, c_nationkey.n_name, o_custkey.c_address, o_custkey.c_phone, o_custkey.c_comment FROM lineitem.l_orderkey.o_custkey.c_nationkey WHERE lineitem.l_returnflag = ? AND l_orderkey.o_orderdate < ?  ORDER BY lineitem.l_extendedprice, lineitem.l_discount GROUP BY o_custkey.c_custkey, o_custkey.c_name, o_custkey.c_acctbal, o_custkey.c_phone, c_nationkey.n_name, o_custkey.c_address, o_custkey.c_comment -- Q10","[0.9990000000000001, 0.9990000000000001, 0.9990000000000001, 0.001, 0.001, 0.001]",0.058924704300000005,3.35228123054992,0.025766672642204443
2,1_30_tpch_22q_split_even_odd_100_8898140000_last,Even,"SELECT lineitem.l_shipmode, sum(l_orderkey.o_orderpriority) FROM lineitem.l_orderkey WHERE lineitem.l_shipmode = ? AND lineitem.l_receiptdate < ? ORDER BY lineitem.l_shipmode GROUP BY lineitem.l_shipmode -- Q12","[0.9990000000000001, 0.9990000000000001, 0.9990000000000001, 0.001, 0.001, 0.001]",0.0404006413,1.0131351828585373,0.006575235027531882
2,1_30_tpch_22q_split_even_odd_100_8898140000_last,Even,"SELECT sum(ps_partkey.p_type), sum(from_lineitem.l_extendedprice), sum(from_lineitem.l_discount) FROM orders.from_lineitem.l_partkey.ps_partkey WHERE orders.o_orderkey = ? AND from_lineitem.l_shipdate < ? -- Q14","[0.9990000000000001, 0.9990000000000001, 0.9990000000000001, 0.001, 0.001, 0.001]",0.0013568946999999998,0.009613400085535458,0.0001290441455846323
2,1_30_tpch_22q_split_even_odd_100_8898140000_last,Even,SELECT supplier.s_suppkey FROM supplier WHERE supplier.s_comment = ? -- Q16_inner,"[0.9990000000000001, 0.9990000000000001, 0.9990000000000001, 0.001, 0.001, 0.001]",0.0016571182,0.009220552463838648,0.00019664123606896107
2,1_30_tpch_22q_split_even_odd_100_8898140000_last,Even,"SELECT ps_partkey.p_brand, ps_partkey.p_type, ps_partkey.p_size, count(supplier.s_suppkey) FROM supplier.from_partsupp.ps_partkey WHERE ps_partkey.p_brand = ? AND ps_partkey.p_type = ? AND ps_partkey.p_size = ? AND supplier.s_suppkey = ? ORDER BY ps_partkey.p_brand, ps_partkey.p_type, ps_partkey.p_size GROUP BY ps_partkey.p_brand, ps_partkey.p_type, ps_partkey.p_size -- Q16_outer","[0.9990000000000001, 0.9990000000000001, 0.9990000000000001, 0.001, 0.001, 0.001]",0.0016651708999999998,0.009742069869940471,0.00018902350689568566
2,1_30_tpch_22q_split_even_odd_100_8898140000_last,Even,"SELECT o_custkey.c_name, o_custkey.c_custkey, l_orderkey.o_orderkey, l_orderkey.o_orderdate, l_orderkey.o_totalprice, sum(lineitem.l_quantity) FROM lineitem.l_orderkey.o_custkey WHERE l_orderkey.o_orderkey = ? ORDER BY l_orderkey.o_totalprice, l_orderkey.o_orderdate GROUP BY o_custkey.c_name, o_custkey.c_custkey, l_orderkey.o_orderkey, l_orderkey.o_orderdate, l_orderkey.o_totalprice -- Q18_outer","[0.9990000000000001, 0.9990000000000001, 0.9990000000000001, 0.001, 0.001, 0.001]",0.0016400249999999998,0.010055427035354598,9.155519105168811e-05
2,1_30_tpch_22q_split_even_odd_100_8898140000_last,Even,SELECT part.p_partkey FROM part WHERE part.p_name = ? -- Q20_inner_inner_1,"[0.9990000000000001, 0.9990000000000001, 0.9990000000000001, 0.001, 0.001, 0.001]",0.0015567928999999999,0.009325938494817417,0.00016247958651476806
2,1_30_tpch_22q_split_even_odd_100_8898140000_last,Even,SELECT partsupp.ps_suppkey FROM partsupp WHERE partsupp.ps_partkey = ? AND partsupp.ps_availqty > ? -- Q20_inner,"[0.9990000000000001, 0.9990000000000001, 0.9990000000000001, 0.001, 0.001, 0.001]",0.0012763857,0.009213526845535459,0.00014431226614933557
2,1_30_tpch_22q_split_even_odd_100_8898140000_last,Even,"SELECT supplier.s_name, supplier.s_address FROM supplier.s_nationkey WHERE supplier.s_suppkey = ? AND s_nationkey.n_name = ? ORDER BY supplier.s_name -- Q20","[0.9990000000000001, 0.9990000000000001, 0.9990000000000001, 0.001, 0.001, 0.001]",0.0014670427,0.009209311474553545,0.0001407758613918712
2,1_30_tpch_22q_split_even_odd_100_8898140000_last,Even,SELECT avg(customer.c_acctbal) FROM customer WHERE customer.c_phone = ? AND customer.c_acctbal > ? -- Q22_inner_inner,"[0.9990000000000001, 0.9990000000000001, 0.9990000000000001, 0.001, 0.001, 0.001]",0.0014975082,0.009353843543838648,0.000159444958186189
2,1_30_tpch_22q_split_even_odd_100_8898140000_last,Even,"SELECT customer.c_phone, sum(customer.c_acctbal), count(customer.c_custkey) FROM customer WHERE customer.c_phone = ? AND customer.c_custkey = ? AND customer.c_acctbal > ? ORDER BY customer.c_phone GROUP BY customer.c_phone -- Q22","[0.9990000000000001, 0.9990000000000001, 0.9990000000000001, 0.001, 0.001, 0.001]",0.0013696677000000002,0.00960871634780624,0.00011677979639380645
2,1_30_tpch_22q_split_even_odd_100_8898140000_last,Even,TOTAL,1.0,3.1015243765944,,NaN
2,1_30_tpch_22q_split_even_odd_100_8898140000_last,Odd,"SELECT l_orderkey.o_orderkey, sum(lineitem.l_extendedprice), sum(lineitem.l_discount), l_orderkey.o_orderdate, l_orderkey.o_shippriority FROM lineitem.l_orderkey.o_custkey WHERE o_custkey.c_mktsegment = ? AND lineitem.l_shipdate > ? ORDER BY lineitem.l_extendedprice, lineitem.l_discount, l_orderkey.o_orderdate GROUP BY l_orderkey.o_orderkey, l_orderkey.o_orderdate, l_orderkey.o_shippriority -- Q3","[0.001, 0.001, 0.001, 0.9990000000000001, 0.9990000000000001, 0.9990000000000001]",83.2998025214,2.414998959137952,0.5689965754461557
2,1_30_tpch_22q_split_even_odd_100_8898140000_last,Odd,"SELECT c_nationkey.n_name, sum(lineitem.l_extendedprice), sum(lineitem.l_discount) FROM lineitem.l_orderkey.o_custkey.c_nationkey.n_regionkey WHERE n_regionkey.r_name = ? AND l_orderkey.o_orderdate < ? ORDER BY lineitem.l_extendedprice, lineitem.l_discount GROUP BY c_nationkey.n_name -- Q5","[0.001, 0.001, 0.001, 0.9990000000000001, 0.9990000000000001, 0.9990000000000001]",47.0051231343,14.06084532271952,0.34685789073807205
2,1_30_tpch_22q_split_even_odd_100_8898140000_last,Odd,"SELECT c_nationkey.n_name, lineitem.l_shipdate, sum(lineitem.l_extendedprice), sum(lineitem.l_discount) FROM lineitem.l_orderkey.o_custkey.c_nationkey WHERE c_nationkey.n_name = ? AND lineitem.l_shipdate < ? ORDER BY c_nationkey.n_name, lineitem.l_shipdate GROUP BY c_nationkey.n_name, lineitem.l_shipdate -- Q7","[0.001, 0.001, 0.001, 0.9990000000000001, 0.9990000000000001, 0.9990000000000001]",0.0551022865,0.29076673954759036,0.01122403158404191
2,1_30_tpch_22q_split_even_odd_100_8898140000_last,Odd,"SELECT c_nationkey.n_name, l_orderkey.o_orderdate, sum(from_lineitem.l_extendedprice), sum(from_lineitem.l_discount), sum(from_partsupp.ps_supplycost), sum(from_lineitem.l_quantity) FROM part.from_partsupp.from_lineitem.l_orderkey.o_custkey.c_nationkey WHERE part.p_name = ? AND l_orderkey.o_orderkey = ? ORDER BY c_nationkey.n_name, l_orderkey.o_orderdate GROUP BY c_nationkey.n_name, l_orderkey.o_orderdate -- Q9","[0.001, 0.001, 0.001, 0.9990000000000001, 0.9990000000000001, 0.9990000000000001]",0.0014129945,0.01000858981419079,0.00013145228751462553
2,1_30_tpch_22q_split_even_odd_100_8898140000_last,Odd,"SELECT sum(partsupp.ps_supplycost), sum(partsupp.ps_availqty) FROM partsupp.ps_suppkey.s_nationkey WHERE s_nationkey.n_name = ? AND partsupp.ps_supplycost = ? AND partsupp.ps_availqty = ? ORDER BY partsupp.ps_supplycost, partsupp.ps_availqty GROUP BY partsupp.ps_partkey -- Q11_outer","[0.001, 0.001, 0.001, 0.9990000000000001, 0.9990000000000001, 0.9990000000000001]",0.0007046266,0.009609091546171166,0.0001324700540831944
2,1_30_tpch_22q_split_even_odd_100_8898140000_last,Odd,"SELECT sum(partsupp.ps_supplycost), sum(partsupp.ps_availqty) FROM partsupp.ps_suppkey.s_nationkey WHERE s_nationkey.n_name = ? -- Q11_inner","[0.001, 0.001, 0.001, 0.9990000000000001, 0.9990000000000001, 0.9990000000000001]",0.63732181,0.38417506809678714,0.02330976750173294
2,1_30_tpch_22q_split_even_odd_100_8898140000_last,Odd,"SELECT o_custkey.c_custkey, count(orders.o_orderkey) FROM orders.o_custkey WHERE orders.o_comment = ? GROUP BY o_custkey.c_custkey, orders.o_orderkey -- Q13","[0.001, 0.001, 0.001, 0.9990000000000001, 0.9990000000000001, 0.9990000000000001]",0.0012838760999999998,0.00948727627507146,0.00012127839517008883
2,1_30_tpch_22q_split_even_odd_100_8898140000_last,Odd,SELECT sum(lineitem.l_extendedprice) FROM lineitem.l_partkey.ps_partkey WHERE ps_partkey.p_brand = ? AND ps_partkey.p_container = ? AND lineitem.l_quantity < ? -- Q17,"[0.001, 0.001, 0.001, 0.9990000000000001, 0.9990000000000001, 0.9990000000000001]",0.050621693,0.01636775248318976,0.007936427646968098
2,1_30_tpch_22q_split_even_odd_100_8898140000_last,Odd,"SELECT sum(lineitem.l_extendedprice), sum(lineitem.l_discount) FROM lineitem.l_partkey.ps_partkey WHERE ps_partkey.p_brand = ? AND ps_partkey.p_container = ? AND lineitem.l_shipdate = ? AND lineitem.l_shipinstruct = ? AND ps_partkey.p_size > ? -- Q19","[0.001, 0.001, 0.001, 0.9990000000000001, 0.9990000000000001, 0.9990000000000001]",0.0012096560000000001,0.009476120590394219,7.226486271210925e-05
2,1_30_tpch_22q_split_even_odd_100_8898140000_last,Odd,"SELECT ps_suppkey.s_name, count(orders.o_orderkey) FROM orders.from_lineitem.l_partkey.ps_suppkey.s_nationkey WHERE orders.o_orderstatus = ? AND orders.o_orderkey = ? AND s_nationkey.n_name = ? AND from_lineitem.l_receiptdate > ? ORDER BY ps_suppkey.s_name GROUP BY ps_suppkey.s_name -- Q21","[0.001, 0.001, 0.001, 0.9990000000000001, 0.9990000000000001, 0.9990000000000001]",0.0013734244,0.009476049759404729,0.00014732272833169137
2,1_30_tpch_22q_split_even_odd_100_8898140000_last,Odd,TOTAL,1.0,0.13105395602279998,,NaN
2,1_30_tpch_22q_split_even_odd_100_8898140000_last,TOTAL,TOTAL,1.0,3.2325783326172,,NaN
timestep,label,group,name,weight,mean,cost,standard_error
3,1_30_tpch_22q_split_even_odd_100_8898140000_last,Even,"SELECT ps_suppkey.s_acctbal, ps_suppkey.s_name, s_nationkey.n_name, part.p_partkey, part.p_mfgr, ps_suppkey.s_address, ps_suppkey.s_phone, ps_suppkey.s_comment FROM part.from_partsupp.ps_suppkey.s_nationkey.n_regionkey WHERE part.p_size = ? AND part.p_type = ? AND n_regionkey.r_name = ? AND from_partsupp.ps_supplycost = ? ORDER BY ps_suppkey.s_acctbal, s_nationkey.n_name, ps_suppkey.s_name -- Q2_outer","[0.9990000000000001, 0.9990000000000001, 0.9990000000000001, 0.001, 0.001, 0.001]",0.0014353342999999998,0.00920887436718093,0.0001688801774829355
3,1_30_tpch_22q_split_even_odd_100_8898140000_last,Even,SELECT max(partsupp.ps_supplycost) FROM partsupp.ps_suppkey.s_nationkey.n_regionkey WHERE n_regionkey.r_name = ? -- Q2_inner,"[0.9990000000000001, 0.9990000000000001, 0.9990000000000001, 0.001, 0.001, 0.001]",3.0204009436,1.882840348363936,0.019860581362166306
3,1_30_tpch_22q_split_even_odd_100_8898140000_last,Even,"SELECT l_orderkey.o_orderdate, sum(from_lineitem.l_extendedprice), sum(from_lineitem.l_discount) FROM part.from_partsupp.from_lineitem.l_orderkey.o_custkey.c_nationkey.n_regionkey WHERE c_nationkey.n_name = ? AND n_regionkey.r_name = ? AND part.p_type = ? AND l_orderkey.o_orderdate < ? ORDER BY l_orderkey.o_orderdate GROUP BY l_orderkey.o_orderdate -- Q8","[0.9990000000000001, 0.9990000000000001, 0.9990000000000001, 0.001, 0.001, 0.001]",0.049080264400000004,0.009983415982836785,0.007533376386063406
3,1_30_tpch_22q_split_even_odd_100_8898140000_last,Even,"SELECT o_custkey.c_custkey, o_custkey.c_name, sum(lineitem.l_extendedprice), sum(lineitem.l_discount), o_custkey.c_acctbal, c_nationkey.n_name, o_custkey.c_address, o_custkey.c_phone, o_custkey.c_comment FROM lineitem.l_orderkey.o_custkey.c_nationkey WHERE lineitem.l_returnflag = ? AND l_orderkey.o_orderdate < ?  ORDER BY lineitem.l_extendedprice, lineitem.l_discount GROUP BY o_custkey.c_custkey, o_custkey.c_name, o_custkey.c_acctbal, o_custkey.c_phone, c_nationkey.n_name, o_custkey.c_address, o_custkey.c_comment -- Q10","[0.9990000000000001, 0.9990000000000001, 0.9990000000000001, 0.001, 0.001, 0.001]",0.060625413100000004,3.35228123054992,0.03709074321682061
3,1_30_tpch_22q_split_even_odd_100_8898140000_last,Even,"SELECT lineitem.l_shipmode, sum(l_orderkey.o_orderpriority) FROM lineitem.l_orderkey WHERE lineitem.l_shipmode = ? AND lineitem.l_receiptdate < ? ORDER BY lineitem.l_shipmode GROUP BY lineitem.l_shipmode -- Q12","[0.9990000000000001, 0.9990000000000001, 0.9990000000000001, 0.001, 0.001, 0.001]",0.020507696,1.0131351828585373,0.003715814935469783
3,1_30_tpch_22q_split_even_odd_100_8898140000_last,Even,"SELECT sum(ps_partkey.p_type), sum(from_lineitem.l_extendedprice), sum(from_lineitem.l_discount) FROM orders.from_lineitem.l_partkey.ps_partkey WHERE orders.o_orderkey = ? AND from_lineitem.l_shipdate < ? -- Q14","[0.9990000000000001, 0.9990000000000001, 0.9990000000000001, 0.001, 0.001, 0.001]",0.0012343005999999998,0.009613400085535458,0.0001341730747981212
3,1_30_tpch_22q_split_even_odd_100_8898140000_last,Even,SELECT supplier.s_suppkey FROM supplier WHERE supplier.s_comment = ? -- Q16_inner,"[0.9990000000000001, 0.9990000000000001, 0.9990000000000001, 0.001, 0.001, 0.001]",0.0014150134999999999,0.009220552463838648,0.00014476708139746027
3,1_30_tpch_22q_split_even_odd_100_8898140000_last,Even,"SELECT ps_partkey.p_brand, ps_partkey.p_type, ps_partkey.p_size, count(supplier.s_suppkey) FROM supplier.from_partsupp.ps_partkey WHERE ps_partkey.p_brand = ? AND ps_partkey.p_type = ? AND ps_partkey.p_size = ? AND supplier.s_suppkey = ? ORDER BY ps_partkey.p_brand, ps_partkey.p_type, ps_partkey.p_size GROUP BY ps_partkey.p_brand, ps_partkey.p_type, ps_partkey.p_size -- Q16_outer","[0.9990000000000001, 0.9990000000000001, 0.9990000000000001, 0.001, 0.001, 0.001]",0.0014521790999999999,0.009742069869940471,0.0001569177888353183
3,1_30_tpch_22q_split_even_odd_100_8898140000_last,Even,"SELECT o_custkey.c_name, o_custkey.c_custkey, l_orderkey.o_orderkey, l_orderkey.o_orderdate, l_orderkey.o_totalprice, sum(lineitem.l_quantity) FROM lineitem.l_orderkey.o_custkey WHERE l_orderkey.o_orderkey = ? ORDER BY l_orderkey.o_totalprice, l_orderkey.o_orderdate GROUP BY o_custkey.c_name, o_custkey.c_custkey, l_orderkey.o_orderkey, l_orderkey.o_orderdate, l_orderkey.o_totalprice -- Q18_outer","[0.9990000000000001, 0.9990000000000001, 0.9990000000000001, 0.001, 0.001, 0.001]",0.0017873528,0.010055427035354598,0.00016714738084788123
3,1_30_tpch_22q_split_even_odd_100_8898140000_last,Even,SELECT part.p_partkey FROM part WHERE part.p_name = ? -- Q20_inner_inner_1,"[0.9990000000000001, 0.9990000000000001, 0.9990000000000001, 0.001, 0.001, 0.001]",0.0014439704999999997,0.009325938494817417,0.00019400297929122692
3,1_30_tpch_22q_split_even_odd_100_8898140000_last,Even,SELECT partsupp.ps_suppkey FROM partsupp WHERE partsupp.ps_partkey = ? AND partsupp.ps_availqty > ? -- Q20_inner,"[0.9990000000000001, 0.9990000000000001, 0.9990000000000001, 0.001, 0.001, 0.001]",0.0013083818,0.009213526845535459,0.00011269388954053064
3,1_30_tpch_22q_split_even_odd_100_8898140000_last,Even,"SELECT supplier.s_name, supplier.s_address FROM supplier.s_nationkey WHERE supplier.s_suppkey = ? AND s_nationkey.n_name = ? ORDER BY supplier.s_name -- Q20","[0.9990000000000001, 0.9990000000000001, 0.9990000000000001, 0.001, 0.001, 0.001]",0.0015335955000000002,0.009209311474553545,0.00017812319175960153
3,1_30_tpch_22q_split_even_odd_100_8898140000_last,Even,SELECT avg(customer.c_acctbal) FROM customer WHERE customer.c_phone = ? AND customer.c_acctbal > ? -- Q22_inner_inner,"[0.9990000000000001, 0.9990000000000001, 0.9990000000000001, 0.001, 0.001, 0.001]",0.0015821444,0.009353843543838648,0.00015357524880846594
3,1_30_tpch_22q_split_even_odd_100_8898140000_last,Even,"SELECT customer.c_phone, sum(customer.c_acctbal), count(customer.c_custkey) FROM customer WHERE customer.c_phone = ? AND customer.c_custkey = ? AND customer.c_acctbal > ? ORDER BY customer.c_phone GROUP BY customer.c_phone -- Q22","[0.9990000000000001, 0.9990000000000001, 0.9990000000000001, 0.001, 0.001, 0.001]",0.0015487542,0.00960871634780624,0.00013914547328963147
3,1_30_tpch_22q_split_even_odd_100_8898140000_last,Even,TOTAL,1.0,0.0031653553438000005,,NaN
3,1_30_tpch_22q_split_even_odd_100_8898140000_last,Odd,"SELECT l_orderkey.o_orderkey, sum(lineitem.l_extendedprice), sum(lineitem.l_discount), l_orderkey.o_orderdate, l_orderkey.o_shippriority FROM lineitem.l_orderkey.o_custkey WHERE o_custkey.c_mktsegment = ? AND lineitem.l_shipdate > ? ORDER BY lineitem.l_extendedprice, lineitem.l_discount, l_orderkey.o_orderdate GROUP BY l_orderkey.o_orderkey, l_orderkey.o_orderdate, l_orderkey.o_shippriority -- Q3","[0.001, 0.001, 0.001, 0.9990000000000001, 0.9990000000000001, 0.9990000000000001]",85.53058666860001,2.414998959137952,0.812428459826423
3,1_30_tpch_22q_split_even_odd_100_8898140000_last,Odd,"SELECT c_nationkey.n_name, sum(lineitem.l_extendedprice), sum(lineitem.l_discount) FROM lineitem.l_orderkey.o_custkey.c_nationkey.n_regionkey WHERE n_regionkey.r_name = ? AND l_orderkey.o_orderdate < ? ORDER BY lineitem.l_extendedprice, lineitem.l_discount GROUP BY c_nationkey.n_name -- Q5","[0.001, 0.001, 0.001, 0.9990000000000001, 0.9990000000000001, 0.9990000000000001]",49.3605658558,14.06084532271952,0.4168918012882308
3,1_30_tpch_22q_split_even_odd_100_8898140000_last,Odd,"SELECT c_nationkey.n_name, lineitem.l_shipdate, sum(lineitem.l_extendedprice), sum(lineitem.l_discount) FROM lineitem.l_orderkey.o_custkey.c_nationkey WHERE c_nationkey.n_name = ? AND lineitem.l_shipdate < ? ORDER BY c_nationkey.n_name, lineitem.l_shipdate GROUP BY c_nationkey.n_name, lineitem.l_shipdate -- Q7","[0.001, 0.001, 0.001, 0.9990000000000001, 0.9990000000000001, 0.9990000000000001]",0.054633054599999994,0.29076673954759036,0.010236165648103262
3,1_30_tpch_22q_split_even_odd_100_8898140000_last,Odd,"SELECT c_nationkey.n_name, l_orderkey.o_orderdate, sum(from_lineitem.l_extendedprice), sum(from_lineitem.l_discount), sum(from_partsupp.ps_supplycost), sum(from_lineitem.l_quantity) FROM part.from_partsupp.from_lineitem.l_orderkey.o_custkey.c_nationkey WHERE part.p_name = ? AND l_orderkey.o_orderkey = ? ORDER BY c_nationkey.n_name, l_orderkey.o_orderdate GROUP BY c_nationkey.n_name, l_orderkey.o_orderdate -- Q9","[0.001, 0.001, 0.001, 0.9990000000000001, 0.9990000000000001, 0.9990000000000001]",0.0014011704,0.01000858981419079,0.0001541368894996479
3,1_30_tpch_22q_split_even_odd_100_8898140000_last,Odd,"SELECT sum(partsupp.ps_supplycost), sum(partsupp.ps_availqty) FROM partsupp.ps_suppkey.s_nationkey WHERE s_nationkey.n_name = ? AND partsupp.ps_supplycost = ? AND partsupp.ps_availqty = ? ORDER BY partsupp.ps_supplycost, partsupp.ps_availqty GROUP BY partsupp.ps_partkey -- Q11_outer","[0.001, 0.001, 0.001, 0.9990000000000001, 0.9990000000000001, 0.9990000000000001]",0.0012625840000000002,0.009609091546171166,0.00014406858562820385
3,1_30_tpch_22q_split_even_odd_100_8898140000_last,Odd,"SELECT sum(partsupp.ps_supplycost), sum(partsupp.ps_availqty) FROM partsupp.ps_suppkey.s_nationkey WHERE s_nationkey.n_name = ? -- Q11_inner","[0.001, 0.001, 0.001, 0.9990000000000001, 0.9990000000000001, 0.9990000000000001]",0.6401812278,0.38417506809678714,0.02450078353801904
3,1_30_tpch_22q_split_even_odd_100_8898140000_last,Odd,"SELECT o_custkey.c_custkey, count(orders.o_orderkey) FROM orders.o_custkey WHERE orders.o_comment = ? GROUP BY o_custkey.c_custkey, orders.o_orderkey -- Q13","[0.001, 0.001, 0.001, 0.9990000000000001, 0.9990000000000001, 0.9990000000000001]",0.0011949685999999998,0.00948727627507146,9.343223925191277e-05
3,1_30_tpch_22q_split_even_odd_100_8898140000_last,Odd,SELECT sum(lineitem.l_extendedprice) FROM lineitem.l_partkey.ps_partkey WHERE ps_partkey.p_brand = ? AND ps_partkey.p_container = ? AND lineitem.l_quantity < ? -- Q17,"[0.001, 0.001, 0.001, 0.9990000000000001, 0.9990000000000001, 0.9990000000000001]",0.0526449276,0.01636775248318976,0.006759872504928772
3,1_30_tpch_22q_split_even_odd_100_8898140000_last,Odd,"SELECT sum(lineitem.l_extendedprice), sum(lineitem.l_discount) FROM lineitem.l_partkey.ps_partkey WHERE ps_partkey.p_brand = ? AND ps_partkey.p_container = ? AND lineitem.l_shipdate = ? AND lineitem.l_shipinstruct = ? AND ps_partkey.p_size > ? -- Q19","[0.001, 0.001, 0.001, 0.9990000000000001, 0.9990000000000001, 0.9990000000000001]",0.001064184,0.009476120590394219,0.0001279407253517555
3,1_30_tpch_22q_split_even_odd_100_8898140000_last,Odd,"SELECT ps_suppkey.s_name, count(orders.o_orderkey) FROM orders.from_lineitem.l_partkey.ps_suppkey.s_nationkey WHERE orders.o_orderstatus = ? AND orders.o_orderkey = ? AND s_nationkey.n_name = ? AND from_lineitem.l_receiptdate > ? ORDER BY ps_suppkey.s_name GROUP BY ps_suppkey.s_name -- Q21","[0.001, 0.001, 0.001, 0.9990000000000001, 0.9990000000000001, 0.9990000000000001]",0.0013856849000000002,0.009476049759404729,0.0001181212463908213
3,1_30_tpch_22q_split_even_odd_100_8898140000_last,Odd,TOTAL,1.0,135.50927540597368,,NaN
3,1_30_tpch_22q_split_even_odd_100_8898140000_last,TOTAL,TOTAL,1.0,135.5124407613175,,NaN
timestep,label,group,name,weight,mean,cost,standard_error
4,1_30_tpch_22q_split_even_odd_100_8898140000_last,Even,"SELECT ps_suppkey.s_acctbal, ps_suppkey.s_name, s_nationkey.n_name, part.p_partkey, part.p_mfgr, ps_suppkey.s_address, ps_suppkey.s_phone, ps_suppkey.s_comment FROM part.from_partsupp.ps_suppkey.s_nationkey.n_regionkey WHERE part.p_size = ? AND part.p_type = ? AND n_regionkey.r_name = ? AND from_partsupp.ps_supplycost = ? ORDER BY ps_suppkey.s_acctbal, s_nationkey.n_name, ps_suppkey.s_name -- Q2_outer","[0.9990000000000001, 0.9990000000000001, 0.9990000000000001, 0.001, 0.001, 0.001]",0.0015950686999999999,0.00920887436718093,0.0001721934357299662
4,1_30_tpch_22q_split_even_odd_100_8898140000_last,Even,SELECT max(partsupp.ps_supplycost) FROM partsupp.ps_suppkey.s_nationkey.n_regionkey WHERE n_regionkey.r_name = ? -- Q2_inner,"[0.9990000000000001, 0.9990000000000001, 0.9990000000000001, 0.001, 0.001, 0.001]",3.1665566581,1.882840348363936,0.03364842825939579
4,1_30_tpch_22q_split_even_odd_100_8898140000_last,Even,"SELECT l_orderkey.o_orderdate, sum(from_lineitem.l_extendedprice), sum(from_lineitem.l_discount) FROM part.from_partsupp.from_lineitem.l_orderkey.o_custkey.c_nationkey.n_regionkey WHERE c_nationkey.n_name = ? AND n_regionkey.r_name = ? AND part.p_type = ? AND l_orderkey.o_orderdate < ? ORDER BY l_orderkey.o_orderdate GROUP BY l_orderkey.o_orderdate -- Q8","[0.9990000000000001, 0.9990000000000001, 0.9990000000000001, 0.001, 0.001, 0.001]",0.047247651300000006,0.009983415982836785,0.00855460720912538
4,1_30_tpch_22q_split_even_odd_100_8898140000_last,Even,"SELECT o_custkey.c_custkey, o_custkey.c_name, sum(lineitem.l_extendedprice), sum(lineitem.l_discount), o_custkey.c_acctbal, c_nationkey.n_name, o_custkey.c_address, o_custkey.c_phone, o_custkey.c_comment FROM lineitem.l_orderkey.o_custkey.c_nationkey WHERE lineitem.l_returnflag = ? AND l_orderkey.o_orderdate < ?  ORDER BY lineitem.l_extendedprice, lineitem.l_discount GROUP BY o_custkey.c_custkey, o_custkey.c_name, o_custkey.c_acctbal, o_custkey.c_phone, c_nationkey.n_name, o_custkey.c_address, o_custkey.c_comment -- Q10","[0.9990000000000001, 0.9990000000000001, 0.9990000000000001, 0.001, 0.001, 0.001]",0.0776403974,3.35228123054992,0.03846247002008441
4,1_30_tpch_22q_split_even_odd_100_8898140000_last,Even,"SELECT lineitem.l_shipmode, sum(l_orderkey.o_orderpriority) FROM lineitem.l_orderkey WHERE lineitem.l_shipmode = ? AND lineitem.l_receiptdate < ? ORDER BY lineitem.l_shipmode GROUP BY lineitem.l_shipmode -- Q12","[0.9990000000000001, 0.9990000000000001, 0.9990000000000001, 0.001, 0.001, 0.001]",0.0493091772,1.0131351828585373,0.011477421209301534
4,1_30_tpch_22q_split_even_odd_100_8898140000_last,Even,"SELECT sum(ps_partkey.p_type), sum(from_lineitem.l_extendedprice), sum(from_lineitem.l_discount) FROM orders.from_lineitem.l_partkey.ps_partkey WHERE orders.o_orderkey = ? AND from_lineitem.l_shipdate < ? -- Q14","[0.9990000000000001, 0.9990000000000001, 0.9990000000000001, 0.001, 0.001, 0.001]",0.0013764901999999998,0.009613400085535458,9.657771116507391e-05
4,1_30_tpch_22q_split_even_odd_100_8898140000_last,Even,SELECT supplier.s_suppkey FROM supplier WHERE supplier.s_comment = ? -- Q16_inner,"[0.9990000000000001, 0.9990000000000001, 0.9990000000000001, 0.001, 0.001, 0.001]",0.0014889056,0.009220552463838648,0.00017876465407949072
4,1_30_tpch_22q_split_even_odd_100_8898140000_last,Even,"SELECT ps_partkey.p_brand, ps_partkey.p_type, ps_partkey.p_size, count(supplier.s_suppkey) FROM supplier.from_partsupp.ps_partkey WHERE ps_partkey.p_brand = ? AND ps_partkey.p_type = ? AND ps_partkey.p_size = ? AND supplier.s_suppkey = ? ORDER BY ps_partkey.p_brand, ps_partkey.p_type, ps_partkey.p_size GROUP BY ps_partkey.p_brand, ps_partkey.p_type, ps_partkey.p_size -- Q16_outer","[0.9990000000000001, 0.9990000000000001, 0.9990000000000001, 0.001, 0.001, 0.001]",0.0015262499999999998,0.009742069869940471,0.00019436051228311667
4,1_30_tpch_22q_split_even_odd_100_8898140000_last,Even,"SELECT o_custkey.c_name, o_custkey.c_custkey, l_orderkey.o_orderkey, l_orderkey.o_orderdate, l_orderkey.o_totalprice, sum(lineitem.l_quantity) FROM lineitem.l_orderkey.o_custkey WHERE l_orderkey.o_orderkey = ? ORDER BY l_orderkey.o_totalprice, l_orderkey.o_orderdate GROUP BY o_custkey.c_name, o_custkey.c_custkey, l_orderkey.o_orderkey, l_orderkey.o_orderdate, l_orderkey.o_totalprice -- Q18_outer","[0.9990000000000001, 0.9990000000000001, 0.9990000000000001, 0.001, 0.001, 0.001]",0.0017469769999999998,0.010055427035354598,0.00022510121922953287
4,1_30_tpch_22q_split_even_odd_100_8898140000_last,Even,SELECT part.p_partkey FROM part WHERE part.p_name = ? -- Q20_inner_inner_1,"[0.9990000000000001, 0.9990000000000001, 0.9990000000000001, 0.001, 0.001, 0.001]",0.0015837983,0.009325938494817417,0.0001690392253857107
4,1_30_tpch_22q_split_even_odd_100_8898140000_last,Even,SELECT partsupp.ps_suppkey FROM partsupp WHERE partsupp.ps_partkey = ? AND partsupp.ps_availqty > ? -- Q20_inner,"[0.9990000000000001, 0.9990000000000001, 0.9990000000000001, 0.001, 0.001, 0.001]",0.0012314761,0.009213526845535459,0.00010900168936014505
4,1_30_tpch_22q_split_even_odd_100_8898140000_last,Even,"SELECT supplier.s_name, supplier.s_address FROM supplier.s_nationkey WHERE supplier.s_suppkey = ? AND s_nationkey.n_name = ? ORDER BY supplier.s_name -- Q20","[0.9990000000000001, 0.9990000000000001, 0.9990000000000001, 0.001, 0.001, 0.001]",0.0013877759,0.009209311474553545,0.00016076580675486728
4,1_30_tpch_22q_split_even_odd_100_8898140000_last,Even,SELECT avg(customer.c_acctbal) FROM customer WHERE customer.c_phone = ? AND customer.c_acctbal > ? -- Q22_inner_inner,"[0.9990000000000001, 0.9990000000000001, 0.9990000000000001, 0.001, 0.001, 0.001]",0.0014174532999999998,0.009353843543838648,0.0001585332813616434
4,1_30_tpch_22q_split_even_odd_100_8898140000_last,Even,"SELECT customer.c_phone, sum(customer.c_acctbal), count(customer.c_custkey) FROM customer WHERE customer.c_phone = ? AND customer.c_custkey = ? AND customer.c_acctbal > ? ORDER BY customer.c_phone GROUP BY customer.c_phone -- Q22","[0.9990000000000001, 0.9990000000000001, 0.9990000000000001, 0.001, 0.001, 0.001]",0.0012870057000000002,0.00960871634780624,0.00011569393203602627
4,1_30_tpch_22q_split_even_odd_100_8898140000_last,Even,TOTAL,1.0,0.0033553950848,,NaN
4,1_30_tpch_22q_split_even_odd_100_8898140000_last,Odd,"SELECT l_orderkey.o_orderkey, sum(lineitem.l_extendedprice), sum(lineitem.l_discount), l_orderkey.o_orderdate, l_orderkey.o_shippriority FROM lineitem.l_orderkey.o_custkey WHERE o_custkey.c_mktsegment = ? AND lineitem.l_shipdate > ? ORDER BY lineitem.l_extendedprice, lineitem.l_discount, l_orderkey.o_orderdate GROUP BY l_orderkey.o_orderkey, l_orderkey.o_orderdate, l_orderkey.o_shippriority -- Q3","[0.001, 0.001, 0.001, 0.9990000000000001, 0.9990000000000001, 0.9990000000000001]",88.07914154480001,2.414998959137952,0.6004520932129169
4,1_30_tpch_22q_split_even_odd_100_8898140000_last,Odd,"SELECT c_nationkey.n_name, sum(lineitem.l_extendedprice), sum(lineitem.l_discount) FROM lineitem.l_orderkey.o_custkey.c_nationkey.n_regionkey WHERE n_regionkey.r_name = ? AND l_orderkey.o_orderdate < ? ORDER BY lineitem.l_extendedprice, lineitem.l_discount GROUP BY c_nationkey.n_name -- Q5","[0.001, 0.001, 0.001, 0.9990000000000001, 0.9990000000000001, 0.9990000000000001]",50.80205649450001,14.06084532271952,0.6161028698365472
4,1_30_tpch_22q_split_even_odd_100_8898140000_last,Odd,"SELECT c_nationkey.n_name, lineitem.l_shipdate, sum(lineitem.l_extendedprice), sum(lineitem.l_discount) FROM lineitem.l_orderkey.o_custkey.c_nationkey WHERE c_nationkey.n_name = ? AND lineitem.l_shipdate < ? ORDER BY c_nationkey.n_name, lineitem.l_shipdate GROUP BY c_nationkey.n_name, lineitem.l_shipdate -- Q7","[0.001, 0.001, 0.001, 0.9990000000000001, 0.9990000000000001, 0.9990000000000001]",0.0609814801,0.29076673954759036,0.010994356173001058
4,1_30_tpch_22q_split_even_odd_100_8898140000_last,Odd,"SELECT c_nationkey.n_name, l_orderkey.o_orderdate, sum(from_lineitem.l_extendedprice), sum(from_lineitem.l_discount), sum(from_partsupp.ps_supplycost), sum(from_lineitem.l_quantity) FROM part.from_partsupp.from_lineitem.l_orderkey.o_custkey.c_nationkey WHERE part.p_name = ? AND l_orderkey.o_orderkey = ? ORDER BY c_nationkey.n_name, l_orderkey.o_orderdate GROUP BY c_nationkey.n_name, l_orderkey.o_orderdate -- Q9","[0.001, 0.001, 0.001, 0.9990000000000001, 0.9990000000000001, 0.9990000000000001]",0.001351215,0.01000858981419079,0.00013664044119578134
4,1_30_tpch_22q_split_even_odd_100_8898140000_last,Odd,"SELECT sum(partsupp.ps_supplycost), sum(partsupp.ps_availqty) FROM partsupp.ps_suppkey.s_nationkey WHERE s_nationkey.n_name = ? AND partsupp.ps_supplycost = ? AND partsupp.ps_availqty = ? ORDER BY partsupp.ps_supplycost, partsupp.ps_availqty GROUP BY partsupp.ps_partkey -- Q11_outer","[0.001, 0.001, 0.001, 0.9990000000000001, 0.9990000000000001, 0.9990000000000001]",0.0010303654999999998,0.009609091546171166,7.240155519588882e-05
4,1_30_tpch_22q_split_even_odd_100_8898140000_last,Odd,"SELECT sum(partsupp.ps_supplycost), sum(partsupp.ps_availqty) FROM partsupp.ps_suppkey.s_nationkey WHERE s_nationkey.n_name = ? -- Q11_inner","[0.001, 0.001, 0.001, 0.9990000000000001, 0.9990000000000001, 0.9990000000000001]",0.6672362131,0.38417506809678714,0.03943294573854108
4,1_30_tpch_22q_split_even_odd_100_8898140000_last,Odd,"SELECT o_custkey.c_custkey, count(orders.o_orderkey) FROM orders.o_custkey WHERE orders.o_comment = ? GROUP BY o_custkey.c_custkey, orders.o_orderkey -- Q13","[0.001, 0.001, 0.001, 0.9990000000000001, 0.9990000000000001, 0.9990000000000001]",0.0013587752999999997,0.00948727627507146,0.00014539550231902333
4,1_30_tpch_22q_split_even_odd_100_8898140000_last,Odd,SELECT sum(lineitem.l_extendedprice) FROM lineitem.l_partkey.ps_partkey WHERE ps_partkey.p_brand = ? AND ps_partkey.p_container = ? AND lineitem.l_quantity < ? -- Q17,"[0.001, 0.001, 0.001, 0.9990000000000001, 0.9990000000000001, 0.9990000000000001]",0.05883242970000001,0.01636775248318976,0.007075438405008819
4,1_30_tpch_22q_split_even_odd_100_8898140000_last,Odd,"SELECT sum(lineitem.l_extendedprice), sum(lineitem.l_discount) FROM lineitem.l_partkey.ps_partkey WHERE ps_partkey.p_brand = ? AND ps_partkey.p_container = ? AND lineitem.l_shipdate = ? AND lineitem.l_shipinstruct = ? AND ps_partkey.p_size > ? -- Q19","[0.001, 0.001, 0.001, 0.9990000000000001, 0.9990000000000001, 0.9990000000000001]",0.0011713637000000002,0.009476120590394219,6.795736774708261e-05
4,1_30_tpch_22q_split_even_odd_100_8898140000_last,Odd,"SELECT ps_suppkey.s_name, count(orders.o_orderkey) FROM orders.from_lineitem.l_partkey.ps_suppkey.s_nationkey WHERE orders.o_orderstatus = ? AND orders.o_orderkey = ? AND s_nationkey.n_name = ? AND from_lineitem.l_receiptdate > ? ORDER BY ps_suppkey.s_name GROUP BY ps_suppkey.s_name -- Q21","[0.001, 0.001, 0.001, 0.9990000000000001, 0.9990000000000001, 0.9990000000000001]",0.0013288538000000001,0.009476049759404729,9.601786305645887e-05
4,1_30_tpch_22q_split_even_odd_100_8898140000_last,Odd,TOTAL,1.0,139.53481424676454,,NaN
4,1_30_tpch_22q_split_even_odd_100_8898140000_last,TOTAL,TOTAL,1.0,139.53816964184935,,NaN
timestep,label,group,name,weight,mean,cost,standard_error
5,1_30_tpch_22q_split_even_odd_100_8898140000_last,Even,"SELECT ps_suppkey.s_acctbal, ps_suppkey.s_name, s_nationkey.n_name, part.p_partkey, part.p_mfgr, ps_suppkey.s_address, ps_suppkey.s_phone, ps_suppkey.s_comment FROM part.from_partsupp.ps_suppkey.s_nationkey.n_regionkey WHERE part.p_size = ? AND part.p_type = ? AND n_regionkey.r_name = ? AND from_partsupp.ps_supplycost = ? ORDER BY ps_suppkey.s_acctbal, s_nationkey.n_name, ps_suppkey.s_name -- Q2_outer","[0.9990000000000001, 0.9990000000000001, 0.9990000000000001, 0.001, 0.001, 0.001]",0.0017114833000000003,0.00920887436718093,0.0003050031873117267
5,1_30_tpch_22q_split_even_odd_100_8898140000_last,Even,SELECT max(partsupp.ps_supplycost) FROM partsupp.ps_suppkey.s_nationkey.n_regionkey WHERE n_regionkey.r_name = ? -- Q2_inner,"[0.9990000000000001, 0.9990000000000001, 0.9990000000000001, 0.001, 0.001, 0.001]",3.2649238559,1.882840348363936,0.05171799866068703
5,1_30_tpch_22q_split_even_odd_100_8898140000_last,Even,"SELECT l_orderkey.o_orderdate, sum(from_lineitem.l_extendedprice), sum(from_lineitem.l_discount) FROM part.from_partsupp.from_lineitem.l_orderkey.o_custkey.c_nationkey.n_regionkey WHERE c_nationkey.n_name = ? AND n_regionkey.r_name = ? AND part.p_type = ? AND l_orderkey.o_orderdate < ? ORDER BY l_orderkey.o_orderdate GROUP BY l_orderkey.o_orderdate -- Q8","[0.9990000000000001, 0.9990000000000001, 0.9990000000000001, 0.001, 0.001, 0.001]",0.036873678300000004,0.009983415982836785,0.007139350212273607
5,1_30_tpch_22q_split_even_odd_100_8898140000_last,Even,"SELECT o_custkey.c_custkey, o_custkey.c_name, sum(lineitem.l_extendedprice), sum(lineitem.l_discount), o_custkey.c_acctbal, c_nationkey.n_name, o_custkey.c_address, o_custkey.c_phone, o_custkey.c_comment FROM lineitem.l_orderkey.o_custkey.c_nationkey WHERE lineitem.l_returnflag = ? AND l_orderkey.o_orderdate < ?  ORDER BY lineitem.l_extendedprice, lineitem.l_discount GROUP BY o_custkey.c_custkey, o_custkey.c_name, o_custkey.c_acctbal, o_custkey.c_phone, c_nationkey.n_name, o_custkey.c_address, o_custkey.c_comment -- Q10","[0.9990000000000001, 0.9990000000000001, 0.9990000000000001, 0.001, 0.001, 0.001]",0.11049561100000002,3.35228123054992,0.04427470605367864
5,1_30_tpch_22q_split_even_odd_100_8898140000_last,Even,"SELECT lineitem.l_shipmode, sum(l_orderkey.o_orderpriority) FROM lineitem.l_orderkey WHERE lineitem.l_shipmode = ? AND lineitem.l_receiptdate < ? ORDER BY lineitem.l_shipmode GROUP BY lineitem.l_shipmode -- Q12","[0.9990000000000001, 0.9990000000000001, 0.9990000000000001, 0.001, 0.001, 0.001]",0.050725594900000004,1.0131351828585373,0.007992358450186452
5,1_30_tpch_22q_split_even_odd_100_8898140000_last,Even,"SELECT sum(ps_partkey.p_type), sum(from_lineitem.l_extendedprice), sum(from_lineitem.l_discount) FROM orders.from_lineitem.l_partkey.ps_partkey WHERE orders.o_orderkey = ? AND from_lineitem.l_shipdate < ? -- Q14","[0.9990000000000001, 0.9990000000000001, 0.9990000000000001, 0.001, 0.001, 0.001]",0.0015175107,0.009613400085535458,0.00011542275444566089
5,1_30_tpch_22q_split_even_odd_100_8898140000_last,Even,SELECT supplier.s_suppkey FROM supplier WHERE supplier.s_comment = ? -- Q16_inner,"[0.9990000000000001, 0.9990000000000001, 0.9990000000000001, 0.001, 0.001, 0.001]",0.0015687294000000002,0.009220552463838648,0.000211630370472419
5,1_30_tpch_22q_split_even_odd_100_8898140000_last,Even,"SELECT ps_partkey.p_brand, ps_partkey.p_type, ps_partkey.p_size, count(supplier.s_suppkey) FROM supplier.from_partsupp.ps_partkey WHERE ps_partkey.p_brand = ? AND ps_partkey.p_type = ? AND ps_partkey.p_size = ? AND supplier.s_suppkey = ? ORDER BY ps_partkey.p_brand, ps_partkey.p_type, ps_partkey.p_size GROUP BY ps_partkey.p_brand, ps_partkey.p_type, ps_partkey.p_size -- Q16_outer","[0.9990000000000001, 0.9990000000000001, 0.9990000000000001, 0.001, 0.001, 0.001]",0.0015333640000000002,0.009742069869940471,0.0001451926578426823
5,1_30_tpch_22q_split_even_odd_100_8898140000_last,Even,"SELECT o_custkey.c_name, o_custkey.c_custkey, l_orderkey.o_orderkey, l_orderkey.o_orderdate, l_orderkey.o_totalprice, sum(lineitem.l_quantity) FROM lineitem.l_orderkey.o_custkey WHERE l_orderkey.o_orderkey = ? ORDER BY l_orderkey.o_totalprice, l_orderkey.o_orderdate GROUP BY o_custkey.c_name, o_custkey.c_custkey, l_orderkey.o_orderkey, l_orderkey.o_orderdate, l_orderkey.o_totalprice -- Q18_outer","[0.9990000000000001, 0.9990000000000001, 0.9990000000000001, 0.001, 0.001, 0.001]",0.0017673062999999998,0.010055427035354598,0.00014406916280793362
5,1_30_tpch_22q_split_even_odd_100_8898140000_last,Even,SELECT part.p_partkey FROM part WHERE part.p_name = ? -- Q20_inner_inner_1,"[0.9990000000000001, 0.9990000000000001, 0.9990000000000001, 0.001, 0.001, 0.001]",0.0016422611,0.009325938494817417,0.0001657422751593201
5,1_30_tpch_22q_split_even_odd_100_8898140000_last,Even,SELECT partsupp.ps_suppkey FROM partsupp WHERE partsupp.ps_partkey = ? AND partsupp.ps_availqty > ? -- Q20_inner,"[0.9990000000000001, 0.9990000000000001, 0.9990000000000001, 0.001, 0.001, 0.001]",0.0014050328000000003,0.009213526845535459,0.0002058046781886921
5,1_30_tpch_22q_split_even_odd_100_8898140000_last,Even,"SELECT supplier.s_name, supplier.s_address FROM supplier.s_nationkey WHERE supplier.s_suppkey = ? AND s_nationkey.n_name = ? ORDER BY supplier.s_name -- Q20","[0.9990000000000001, 0.9990000000000001, 0.9990000000000001, 0.001, 0.001, 0.001]",0.0014035518,0.009209311474553545,9.48443646523433e-05
5,1_30_tpch_22q_split_even_odd_100_8898140000_last,Even,SELECT avg(customer.c_acctbal) FROM customer WHERE customer.c_phone = ? AND customer.c_acctbal > ? -- Q22_inner_inner,"[0.9990000000000001, 0.9990000000000001, 0.9990000000000001, 0.001, 0.001, 0.001]",0.0016740759,0.009353843543838648,0.00014382297997943708
5,1_30_tpch_22q_split_even_odd_100_8898140000_last,Even,"SELECT customer.c_phone, sum(customer.c_acctbal), count(customer.c_custkey) FROM customer WHERE customer.c_phone = ? AND customer.c_custkey = ? AND customer.c_acctbal > ? ORDER BY customer.c_phone GROUP BY customer.c_phone -- Q22","[0.9990000000000001, 0.9990000000000001, 0.9990000000000001, 0.001, 0.001, 0.001]",0.0015115295,0.00960871634780624,0.00014268309750852684
5,1_30_tpch_22q_split_even_odd_100_8898140000_last,Even,TOTAL,1.0,0.0034787535849,,NaN
5,1_30_tpch_22q_split_even_odd_100_8898140000_last,Odd,"SELECT l_orderkey.o_orderkey, sum(lineitem.l_extendedprice), sum(lineitem.l_discount), l_orderkey.o_orderdate, l_orderkey.o_shippriority FROM lineitem.l_orderkey.o_custkey WHERE o_custkey.c_mktsegment = ? AND lineitem.l_shipdate > ? ORDER BY lineitem.l_extendedprice, lineitem.l_discount, l_orderkey.o_orderdate GROUP BY l_orderkey.o_orderkey, l_orderkey.o_orderdate, l_orderkey.o_shippriority -- Q3","[0.001, 0.001, 0.001, 0.9990000000000001, 0.9990000000000001, 0.9990000000000001]",90.10224041139999,2.414998959137952,0.7456019969924813
5,1_30_tpch_22q_split_even_odd_100_8898140000_last,Odd,"SELECT c_nationkey.n_name, sum(lineitem.l_extendedprice), sum(lineitem.l_discount) FROM lineitem.l_orderkey.o_custkey.c_nationkey.n_regionkey WHERE n_regionkey.r_name = ? AND l_orderkey.o_orderdate < ? ORDER BY lineitem.l_extendedprice, lineitem.l_discount GROUP BY c_nationkey.n_name -- Q5","[0.001, 0.001, 0.001, 0.9990000000000001, 0.9990000000000001, 0.9990000000000001]",53.2793494729,14.06084532271952,0.6692921946632158
5,1_30_tpch_22q_split_even_odd_100_8898140000_last,Odd,"SELECT c_nationkey.n_name, lineitem.l_shipdate, sum(lineitem.l_extendedprice), sum(lineitem.l_discount) FROM lineitem.l_orderkey.o_custkey.c_nationkey WHERE c_nationkey.n_name = ? AND lineitem.l_shipdate < ? ORDER BY c_nationkey.n_name, lineitem.l_shipdate GROUP BY c_nationkey.n_name, lineitem.l_shipdate -- Q7","[0.001, 0.001, 0.001, 0.9990000000000001, 0.9990000000000001, 0.9990000000000001]",0.0517462248,0.29076673954759036,0.010229622519660465
5,1_30_tpch_22q_split_even_odd_100_8898140000_last,Odd,"SELECT c_nationkey.n_name, l_orderkey.o_orderdate, sum(from_lineitem.l_extendedprice), sum(from_lineitem.l_discount), sum(from_partsupp.ps_supplycost), sum(from_lineitem.l_quantity) FROM part.from_partsupp.from_lineitem.l_orderkey.o_custkey.c_nationkey WHERE part.p_name = ? AND l_orderkey.o_orderkey = ? ORDER BY c_nationkey.n_name, l_orderkey.o_orderdate GROUP BY c_nationkey.n_name, l_orderkey.o_orderdate -- Q9","[0.001, 0.001, 0.001, 0.9990000000000001, 0.9990000000000001, 0.9990000000000001]",0.0014055631000000001,0.01000858981419079,9.562057251199194e-05
5,1_30_tpch_22q_split_even_odd_100_8898140000_last,Odd,"SELECT sum(partsupp.ps_supplycost), sum(partsupp.ps_availqty) FROM partsupp.ps_suppkey.s_nationkey WHERE s_nationkey.n_name = ? AND partsupp.ps_supplycost = ? AND partsupp.ps_availqty = ? ORDER BY partsupp.ps_supplycost, partsupp.ps_availqty GROUP BY partsupp.ps_partkey -- Q11_outer","[0.001, 0.001, 0.001, 0.9990000000000001, 0.9990000000000001, 0.9990000000000001]",0.0013863480000000001,0.009609091546171166,9.795347777717972e-05
5,1_30_tpch_22q_split_even_odd_100_8898140000_last,Odd,"SELECT sum(partsupp.ps_supplycost), sum(partsupp.ps_availqty) FROM partsupp.ps_suppkey.s_nationkey WHERE s_nationkey.n_name = ? -- Q11_inner","[0.001, 0.001, 0.001, 0.9990000000000001, 0.9990000000000001, 0.9990000000000001]",0.708335182,0.38417506809678714,0.054773876266848084
5,1_30_tpch_22q_split_even_odd_100_8898140000_last,Odd,"SELECT o_custkey.c_custkey, count(orders.o_orderkey) FROM orders.o_custkey WHERE orders.o_comment = ? GROUP BY o_custkey.c_custkey, orders.o_orderkey -- Q13","[0.001, 0.001, 0.001, 0.9990000000000001, 0.9990000000000001, 0.9990000000000001]",0.0012070642000000002,0.00948727627507146,0.00014340624057324395
5,1_30_tpch_22q_split_even_odd_100_8898140000_last,Odd,SELECT sum(lineitem.l_extendedprice) FROM lineitem.l_partkey.ps_partkey WHERE ps_partkey.p_brand = ? AND ps_partkey.p_container = ? AND lineitem.l_quantity < ? -- Q17,"[0.001, 0.001, 0.001, 0.9990000000000001, 0.9990000000000001, 0.9990000000000001]",0.055623449199999994,0.01636775248318976,0.008614780296860126
5,1_30_tpch_22q_split_even_odd_100_8898140000_last,Odd,"SELECT sum(lineitem.l_extendedprice), sum(lineitem.l_discount) FROM lineitem.l_partkey.ps_partkey WHERE ps_partkey.p_brand = ? AND ps_partkey.p_container = ? AND lineitem.l_shipdate = ? AND lineitem.l_shipinstruct = ? AND ps_partkey.p_size > ? -- Q19","[0.001, 0.001, 0.001, 0.9990000000000001, 0.9990000000000001, 0.9990000000000001]",0.0013408269,0.009476120590394219,0.00012669619195167014
5,1_30_tpch_22q_split_even_odd_100_8898140000_last,Odd,"SELECT ps_suppkey.s_name, count(orders.o_orderkey) FROM orders.from_lineitem.l_partkey.ps_suppkey.s_nationkey WHERE orders.o_orderstatus = ? AND orders.o_orderkey = ? AND s_nationkey.n_name = ? AND from_lineitem.l_receiptdate > ? ORDER BY ps_suppkey.s_name GROUP BY ps_suppkey.s_name -- Q21","[0.001, 0.001, 0.001, 0.9990000000000001, 0.9990000000000001, 0.9990000000000001]",0.0013119238000000003,0.009476049759404729,0.00013323924658546453
5,1_30_tpch_22q_split_even_odd_100_8898140000_last,Odd,TOTAL,1.0,144.05974251983372,,NaN
5,1_30_tpch_22q_split_even_odd_100_8898140000_last,TOTAL,TOTAL,1.0,144.0632212734186,,NaN
